LucianoAbbott -> Luciano Abbott
TravisLeyenaarMisson -> Travis Leyenaar-Misson
NicholasHallman -> Nicholas Hallman 
boud7430 -> Richard Bouda
abelworku -> Abel Worku 
Joseph-Shannon -> Joseph Shannon
